DROP TABLE SALES;
DROP TABLE SALSEMAN;
DROP TABLE PURCHASE;
DROP TABLE USERS;
DROP TABLE EXPRIY;
DROP TABLE PRODUCTS;
DROP TABLE COMPANY;


CREATE TABLE COMPANY (
  C_NAME varchar(50) NOT NULL,
  ADDRESS varchar(50),
  PHONE varchar(20)
); 

ALTER TABLE COMPANY ADD PRIMARY KEY(C_NAME);

CREATE TABLE USERS (
  U_ID NUMBER NOT NULL,
  U_NAME varchar(50),
  U_ADDRESS varchar(100),
  SALARY NUMBER CHECK(SALARY >= 10000),
  C_NAME varchar(50) NOT NULL,
  PRIMARY KEY(U_ID),
  FOREIGN KEY(C_NAME) REFERENCES COMPANY ON DELETE CASCADE
);




CREATE TABLE PRODUCTS (
  P_NAME varchar(50),
  P_TYPE varchar(20),
  P_CODE varchar(10) NOT NULL,
  SELLING_PRICE NUMBER,
  P_EXPIRY varchar(20),
  QUANTITY NUMBER,
  PRIMARY KEY(P_CODE)
);



CREATE TABLE PURCHASE (
  P_CODE varchar(10) NOT NULL,
  C_NAME varchar(50) NOT NULL,
  PUR_CODE VARCHAR(100) NOT NULL,
  PRIMARY KEY(PUR_CODE),
  FOREIGN KEY(C_NAME) REFERENCES COMPANY ON DELETE CASCADE,
  FOREIGN KEY(P_CODE) REFERENCES PRODUCTS ON DELETE CASCADE
);




CREATE TABLE SALSEMAN (
   SALE_NAME VARCHAR(100),
   SALESMAN_ID NUMBER NOT NULL,
   PRIMARY KEY(SALESMAN_ID)
);



CREATE TABLE SALES(
 P_CODE varchar(10) NOT NULL,
 SALESMAN_ID NUMBER NOT NULL,
 FOREIGN KEY(P_CODE) REFERENCES PRODUCTS ON DELETE CASCADE,
 FOREIGN KEY(SALESMAN_ID) REFERENCES SALSEMAN ON DELETE CASCADE
);

-- TILL NOW GOOD


INSERT INTO COMPANY (C_NAME, ADDRESS, PHONE) VALUES ('Square', 'Dhaka', '12903');
INSERT INTO COMPANY (C_NAME, ADDRESS, PHONE) VALUES ('Navana', 'Gazipur', '01289078443');
INSERT INTO COMPANY (C_NAME, ADDRESS, PHONE) VALUES ('Elite', 'Chittagong', '010114367832');
INSERT INTO COMPANY (C_NAME, ADDRESS, PHONE) VALUES ('NAVANA', 'RANGPUR', '010114365892');
INSERT INTO COMPANY (C_NAME, ADDRESS, PHONE) VALUES ('MODERNA', 'BARISAL', '010130267832');




INSERT INTO PRODUCTS (P_NAME, P_CODE, SELLING_PRICE, P_EXPIRY) VALUES('MOBILE',  '3d00', 30, '26-DEC-2022');
INSERT INTO PRODUCTS (P_NAME, P_CODE, SELLING_PRICE, P_EXPIRY) VALUES('LAPTOP',  '2Iaa',  40, '26-SEP-2022');
INSERT INTO PRODUCTS (P_NAME, P_CODE, SELLING_PRICE, P_EXPIRY) VALUES('PC',  '2xaa',  80, '26-OCT-2022');
INSERT INTO PRODUCTS (P_NAME, P_CODE, SELLING_PRICE, P_EXPIRY) VALUES('BUSKET',  '2xBB',  90, '26-NOV-2022');
INSERT INTO PRODUCTS (P_NAME, P_CODE, SELLING_PRICE, P_EXPIRY) VALUES('SHAMPOO',  '2xCC',  100, '26-FEB-2022');




INSERT INTO USERS (U_ID, U_NAME, SALARY, C_NAME) VALUES(100, 'NAJIB', 98000, 'Square');
INSERT INTO USERS (U_ID, U_NAME, SALARY, C_NAME) VALUES(101, 'PIAL', 78800, 'Navana');
INSERT INTO USERS (U_ID, U_NAME, SALARY, C_NAME) VALUES(102, 'SADMAN',18000, 'Elite');
INSERT INTO USERS (U_ID, U_NAME, SALARY, C_NAME) VALUES(103, 'RONY', 93000, 'NAVANA');
INSERT INTO USERS (U_ID, U_NAME, SALARY, C_NAME) VALUES(104, 'SOURAV', 58000, 'MODERNA');
INSERT INTO USERS (U_ID, U_NAME, SALARY, C_NAME) VALUES(105, 'RATUL', 38000, 'MODERNA');




INSERT INTO SALSEMAN (SALESMAN_ID, SALE_NAME) VALUES(1001, 'MUKIM');
INSERT INTO SALSEMAN (SALESMAN_ID, SALE_NAME) VALUES(1002, 'TAJ');
INSERT INTO SALSEMAN (SALESMAN_ID, SALE_NAME) VALUES(1003, 'MAHIM');
INSERT INTO SALSEMAN (SALESMAN_ID, SALE_NAME) VALUES(1004, 'ZAFRUL');
INSERT INTO SALSEMAN (SALESMAN_ID, SALE_NAME) VALUES(1005, 'KOWDHIK');



INSERT INTO PURCHASE (PUR_CODE, P_CODE, C_NAME) VALUES ('4000', '3d00', 'Square');
INSERT INTO PURCHASE (PUR_CODE, P_CODE, C_NAME) VALUES ('4001', '2Iaa', 'Navana');
INSERT INTO PURCHASE (PUR_CODE, P_CODE, C_NAME) VALUES ('4002', '2xaa', 'Elite');
INSERT INTO PURCHASE (PUR_CODE, P_CODE, C_NAME) VALUES ('4003', '2xBB', 'NAVANA');
INSERT INTO PURCHASE (PUR_CODE, P_CODE, C_NAME) VALUES ('4004', '2xCC', 'MODERNA');
INSERT INTO PURCHASE (PUR_CODE, P_CODE, C_NAME) VALUES ('4005', '2xBB', 'MODERNA');


INSERT INTO SALES (P_CODE, SALESMAN_ID) VALUES ('3d00', 1001);
INSERT INTO SALES (P_CODE, SALESMAN_ID) VALUES ('2Iaa', 1002);
INSERT INTO SALES (P_CODE, SALESMAN_ID) VALUES ('2xaa', 1003);
INSERT INTO SALES (P_CODE, SALESMAN_ID) VALUES ('2xBB', 1004);
INSERT INTO SALES (P_CODE, SALESMAN_ID) VALUES ('2xCC', 1005);
INSERT INTO SALES (P_CODE, SALESMAN_ID) VALUES ('2xBB', 1005);

-- TILL GOOD
